"variable","d33","d34"
"slope",-3.96456897789258e-08,-6.26368252942873e-08
"intercept",37.1420850951368,52.7499022198741
"rsq",0.11866030886897,0.0853244537475927
