"variable","d33","d34"
"slope",9.10378086419701e-07,1.74123223363406e-06
"intercept",-1188.52341857136,-2273.17447915949
"rsq",0.192379220625454,0.204124607556447
