"variable","d33","d34"
"slope",-2.53772795723995e-08,-5.722109225442e-08
"intercept",32.3425076093835,76.0949813504825
"rsq",0.655014537560037,0.692705058813738
