"variable","d33","d34"
"slope",-7.02617453056821e-07,-1.39776690047421e-06
"intercept",1172.28733220623,2332.56336934333
"rsq",0.30293821697862,0.572252404475017
