"variable","d33","d34"
"slope",6.90778895735645e-08,4.70270248539257e-07
"intercept",-125.482923305234,-803.574664324087
"rsq",0.029055036927221,0.295953291297508
