"variable","d33","d34"
"slope",1.19110023519294e-08,2.26757891132226e-08
"intercept",-30.2381356369181,-57.9998454164884
"rsq",0.0787462336911307,0.0751425497025041
