"variable","d33","d34"
"slope",-1.98138740157952e-07,-3.64303242367189e-07
"intercept",328.92512681073,603.67030336422
"rsq",0.664924669371818,0.66096529313079
