"variable","d33","d34"
"slope",-8.84731069993093e-09,-1.13388361775079e-08
"intercept",4.66419561621274,-0.905386071146868
"rsq",0.155454499186964,0.0862932457251263
