"variable","d33","d34"
"slope",-2.98457639961397e-08,-5.42458133751993e-08
"intercept",40.1422750430406,71.6113403817659
"rsq",0.40580265823724,0.390781856549737
