"variable","d33","d34"
"slope",-2.68524712051488e-08,-5.34551273081355e-08
"intercept",34.8518378054499,69.8537027185135
"rsq",0.438227130482445,0.486464406206337
