"variable","d33","d34"
"slope",-7.61721986238815e-08,-1.26604259499181e-07
"intercept",108.547185655154,177.418885305343
"rsq",0.471859668818586,0.450354632539236
