"variable","d33","d34"
"slope",-1.24043581894446e-07,-2.28080640189746e-07
"intercept",152.237672945938,278.639343814203
"rsq",0.685862293551934,0.71448974042857
