"variable","d33","d34"
"slope",-9.81325032590618e-08,-1.81369270193449e-07
"intercept",143.282237994891,263.803516755471
"rsq",0.223928685772072,0.220128055770849
