"variable","d33","d34"
"slope",5.81006577690689e-08,1.14270881665274e-07
"intercept",-97.8871230656202,-191.479593466002
"rsq",0.0210981198100673,0.0232810764460745
