"variable","d33","d34"
"slope",-8.36605556053935e-08,-1.51114391616092e-07
"intercept",121.047470195577,217.205332821365
"rsq",0.732964720433879,0.724657538228375
