"variable","d33","d34"
"slope",4.84377795670135e-07,9.49800948291305e-07
"intercept",-684.474243961448,-1341.21502415461
"rsq",0.599688396450217,0.688939715360563
