"variable","d33","d34"
"slope",-5.9101578473392e-08,-9.53600250385451e-08
"intercept",64.2604259181246,98.3658944892953
"rsq",0.355860709179878,0.295828447721456
