"variable","d33","d34"
"slope",7.20600010361824e-09,1.91286632289833e-08
"intercept",-21.6133762219027,-50.108575058191
"rsq",0.00231114241667643,0.00460225619452363
