"variable","d33","d34"
"slope",4.12589500991927e-08,7.2144269775652e-08
"intercept",-75.2028699560567,-133.511172409448
"rsq",0.768411786636901,0.743846352962581
