"variable","d33","d34"
"slope",4.66018347426334e-08,9.95559013673942e-08
"intercept",-83.8611294969631,-177.185932861338
"rsq",0.0382370823118776,0.0492036335295969
