"variable","d33","d34"
"slope",-1.01818303811014e-07,-1.95896595353094e-07
"intercept",124.083485507186,238.974476190444
"rsq",0.689888438617767,0.749461501303551
