"variable","d33","d34"
"slope",1.96763147968487e-07,3.6906108784651e-07
"intercept",-321.800571799572,-604.296671918975
"rsq",0.79268420230958,0.790289124523851
