"variable","d33","d34"
"slope",-3.65354139509133e-08,-1.88508038749342e-08
"intercept",32.8988612837004,-8.34298343688695
"rsq",0.137434160822747,0.0234933843340326
