"variable","d33","d34"
"slope",1.68782031989976e-07,3.1582561330982e-07
"intercept",-279.83057239576,-524.389761239277
"rsq",0.803814845417823,0.805336672629652
