"variable","d33","d34"
"slope",1.38748868422622e-08,4.73533741683181e-08
"intercept",-32.5595036393222,-95.8400162592591
"rsq",0.035676613293109,0.122348125545206
