"variable","d33","d34"
"slope",3.08179377931281e-06,5.50730465739577e-06
"intercept",-4912.52976587857,-8780.68978856073
"rsq",0.314351166521777,0.407519103929896
