"variable","d33","d34"
"slope",-2.51892728542079e-07,-3.77599803424523e-07
"intercept",336.782489365143,497.477408968348
"rsq",0.665772182633461,0.576287079227215
