"variable","d33","d34"
"slope",8.08409794191093e-08,1.59995491871676e-07
"intercept",-140.350218656333,-277.424282527579
"rsq",0.266288622944599,0.292873230736747
