"variable","d33","d34"
"slope",-1.08596547003353e-06,-1.97788260908101e-06
"intercept",1731.91638422378,3153.04615225436
"rsq",0.155988870391073,0.154449771723487
