"variable","d33","d34"
"slope",3.36993844944022e-07,6.30108867045602e-07
"intercept",-550.379878246542,-1029.86684240282
"rsq",0.929397098528633,0.926662128833043
