"variable","d33","d34"
"slope",1.65575607619468e-09,-3.13515308803973e-09
"intercept",-13.2070272286833,-15.4817146426279
"rsq",5.27659517706011e-05,5.40949082374893e-05
