"variable","d33","d34"
"slope",1.82467385102188e-06,3.47382703081255e-06
"intercept",-2590.54766470586,-4931.97139243729
"rsq",0.240716409795056,0.247214102237043
