"variable","d33","d34"
"slope",-1.42871932794519e-07,-2.53185524974522e-07
"intercept",183.577345511133,322.836510091751
"rsq",0.111975699740739,0.100171271756022
