"variable","d33","d34"
"slope",-1.0036562509605e-08,-1.86802904753715e-08
"intercept",5.95950620251521,10.2328945027116
"rsq",0.110575173565516,0.113365946862211
