"variable","d33","d34"
"slope",1.41868901183075e-06,2.67771775512046e-06
"intercept",-2021.36155057353,-3815.63461094894
"rsq",0.347297977626198,0.357407646016383
