"variable","d33","d34"
"slope",-1.56901199212509e-07,-2.91800698479706e-07
"intercept",244.475158140951,453.776373511966
"rsq",0.909346034924056,0.911081540877389
