"variable","d33","d34"
"slope",-9.25321041731795e-08,-1.69077937808904e-07
"intercept",139.865166100192,254.358493822373
"rsq",0.48724509445308,0.468990438697921
