"variable","d33","d34"
"slope",-1.04339361202351e-07,-1.96798438888932e-07
"intercept",159.043211222523,299.365265200619
"rsq",0.808239719948167,0.813310068351441
