"variable","d33","d34"
"slope",1.63953013970312e-07,3.17914956054662e-07
"intercept",-249.903028245419,-484.043966508609
"rsq",0.616960597731381,0.674748212202817
