"variable","d33","d34"
"slope",5.66179674828937e-08,1.19326020918939e-07
"intercept",-102.917195372886,-215.184098140827
"rsq",0.124527861617401,0.148048887442909
