"variable","d33","d34"
"slope",-9.13958353237695e-08,-1.68391586066638e-07
"intercept",120.66105283184,221.053138038146
"rsq",0.90688453083067,0.912117665174428
