"variable","d33","d34"
"slope",-1.88599587755886e-07,-3.12271764533807e-07
"intercept",248.862103330209,407.478227431755
"rsq",0.749778011231413,0.661757504523668
