"variable","d33","d34"
"slope",7.96347433404564e-08,1.50776208271779e-07
"intercept",-140.624932133649,-266.779591759627
"rsq",0.710009096920708,0.715181696100303
