"variable","d33","d34"
"slope",1.56912694759817e-07,2.90028067370617e-07
"intercept",-243.048084131864,-450.371757197648
"rsq",0.348228148290708,0.33589487155495
