"variable","d33","d34"
"slope",8.50336931973357e-06,1.74245083195561e-05
"intercept",-14019.1616670944,-28725.9949466943
"rsq",0.99291118783417,0.986814947951343
