"variable","d33","d34"
"slope",-7.34085657206912e-09,-1.53704367564683e-08
"intercept",1.83129181274193,5.36353496799688
"rsq",0.0134489637854276,0.0160577476254387
