"variable","d33","d34"
"slope",9.28844250926068e-08,1.75132696115817e-07
"intercept",-162.791590374897,-307.54328821231
"rsq",0.9512544813681,0.936691963300017
