"variable","d33","d34"
"slope",-2.45081566014873e-07,-4.49723131066196e-07
"intercept",333.088749290367,609.800512393474
"rsq",0.0219661638160681,0.0206799530624809
