"variable","d33","d34"
"slope",-4.4007205101244e-09,-1.32858509169141e-08
"intercept",-3.08238270827544,1.82187546618361
"rsq",0.00666115262084193,0.0174532758004619
