"variable","d33","d34"
"slope",-1.17190027699333e-10,-3.73537187895599e-09
"intercept",-10.169499159345,-13.9784826151264
"rsq",3.73524865839832e-06,0.00107756061852894
