"variable","d33","d34"
"slope",-2.76338708285628e-06,-5.19428873333466e-06
"intercept",4543.08238543208,8538.89291478107
"rsq",0.903821625709472,0.902460381277183
