"variable","d33","d34"
"slope",8.5035048082504e-08,1.63566769976423e-07
"intercept",-140.309347340996,-269.655808331569
"rsq",0.0473366486425415,0.0481021404602525
