"variable","d33","d34"
"slope",-1.36290329042881e-08,-3.09215131704095e-08
"intercept",12.1201617773674,30.8823542407309
"rsq",0.0316663380039843,0.0435915407965271
