"variable","d33","d34"
"slope",2.31593644605262e-07,4.5887674432999e-07
"intercept",-351.419915455192,-695.047266750251
"rsq",0.509535103775767,0.536574484256227
