"variable","d33","d34"
"slope",3.38084910967113e-07,6.6272601579418e-07
"intercept",-507.561040365655,-994.062551246233
"rsq",0.228983250381499,0.244949914778023
