"variable","d33","d34"
"slope",8.0733334599584e-08,1.51874106164981e-07
"intercept",-144.641299040284,-272.765784884281
"rsq",0.558693529112325,0.521613428925006
