"variable","d33","d34"
"slope",3.81884572038571e-08,7.27800854169408e-08
"intercept",-74.0974286999554,-141.624145639396
"rsq",0.429223452064223,0.432151972528199
