"variable","d33","d34"
"slope",1.16719990079349e-06,2.23039021164011e-06
"intercept",-1720.23350678548,-3287.15219857128
"rsq",0.583677974285212,0.590661342688548
