"variable","d33","d34"
"slope",-3.91681345767796e-07,-7.57091779529259e-07
"intercept",553.39139079113,1070.10471274855
"rsq",0.481550282528515,0.494256199277914
