"variable","d33","d34"
"slope",-6.42519050594446e-09,-1.41285145899834e-08
"intercept",0.549211539605206,3.80452822280356
"rsq",0.278171620770906,0.286952463126453
