"variable","d33","d34"
"slope",4.31075265519281e-07,8.26857206358517e-07
"intercept",-648.146328118628,-1243.07504647318
"rsq",0.759675660233545,0.77936336876184
