"variable","d33","d34"
"slope",-3.18107315393495e-09,7.47342515910448e-08
"intercept",-13.3395993788297,-143.661033747279
"rsq",3.7189271196321e-05,0.00476453777775878
