"variable","d33","d34"
"slope",-1.63252487190953e-07,-2.98741213651336e-07
"intercept",230.22814791664,419.827470126092
"rsq",0.568178853737964,0.571529958133226
