"variable","d33","d34"
"slope",3.09349155180221e-08,6.19855413939667e-08
"intercept",-63.8002162809402,-127.231395501636
"rsq",0.195811544077636,0.215673509394671
