"variable","d33","d34"
"slope",3.09349155180202e-08,6.19855413939628e-08
"intercept",-63.8002162809369,-127.23139550163
"rsq",0.195811544077626,0.21567350939466
