"variable","d33","d34"
"slope",-1.39084583596972e-07,-2.57099231909325e-07
"intercept",194.831140784613,358.974453006899
"rsq",0.70396327793698,0.697214135950851
