"variable","d33","d34"
"slope",-6.70562142028065e-07,-1.23604353766616e-06
"intercept",1006.38515267854,1853.79037204392
"rsq",0.232448289819375,0.216472568251808
