"variable","d33","d34"
"slope",-4.02601558964176e-07,-7.46677178770228e-07
"intercept",597.012537985309,1106.17017066641
"rsq",0.39183542194109,0.37501446804651
