"variable","d33","d34"
"slope",-2.72972528635481e-07,-5.5242519226023e-07
"intercept",407.889497874843,826.266308306041
"rsq",0.262238973994106,0.27802037143059
