"variable","d33","d34"
"slope",3.27779475014323e-06,6.15325412792517e-06
"intercept",-5030.04876047962,-9443.35663152332
"rsq",0.840391440050272,0.840824643889024
