"variable","d33","d34"
"slope",-6.85056404799773e-08,-8.26112700135119e-08
"intercept",87.2535000254191,92.7832965575924
"rsq",0.120164788036521,0.0443101955777275
