"variable","d33","d34"
"slope",-1.05754078191824e-07,-1.94957118022351e-07
"intercept",152.017543233579,279.211768053461
"rsq",0.175238011887172,0.169147972380082
