"variable","d33","d34"
"slope",1.61785511521773e-07,3.11081924218716e-07
"intercept",-238.166918538972,-457.705731973016
"rsq",0.2901889830816,0.294014573865744
