"variable","d33","d34"
"slope",-1.55358738382234e-07,-2.9609664815672e-07
"intercept",228.149534050259,434.406178647717
"rsq",0.622275501875274,0.626138847374654
