"variable","d33","d34"
"slope",-2.76235785039663e-10,-1.07372803732248e-09
"intercept",-9.97455533978358,-18.5855832216276
"rsq",7.58437434282373e-05,0.000278395462460522
