"variable","d33","d34"
"slope",-2.15434335301166e-07,-4.43337359098028e-07
"intercept",275.399850241111,569.399391304074
"rsq",1,1
