"variable","d33","d34"
"slope",-2.01292356046215e-08,-2.19792086016988e-08
"intercept",9.49419391165,-4.40884646741707
"rsq",0.0156658709527959,0.00526058151862242
