"variable","d33","d34"
"slope",-8.8620351709994e-08,-1.68705058591873e-07
"intercept",127.163981286197,241.658420563716
"rsq",0.818153632063215,0.827421573001708
