"variable","d33","d34"
"slope",-6.10648783377567e-08,-9.77822826113607e-08
"intercept",65.6785776091578,99.6189542635244
"rsq",0.12141606650717,0.0885731858612234
