"variable","d33","d34"
"slope",-3.80642767968378e-07,-6.92196479475965e-07
"intercept",583.305046850583,1059.40477398906
"rsq",0.749219434814776,0.740044102169248
