"variable","d33","d34"
"slope",-1.22528399521315e-07,-2.23558217118527e-07
"intercept",202.925963449418,368.988987868454
"rsq",0.478753601113661,0.462750907717596
